<?xml version="1.0" encoding="UTF-8"?>

<mule xmlns:ee="http://www.mulesoft.org/schema/mule/ee/core" xmlns:http="http://www.mulesoft.org/schema/mule/http"
	xmlns:mcp="http://www.mulesoft.org/schema/mule/mcp"
	xmlns="http://www.mulesoft.org/schema/mule/core" xmlns:doc="http://www.mulesoft.org/schema/mule/documentation" xmlns:xsi="http://www.w3.org/2001/XMLSchema-instance" xsi:schemaLocation="http://www.mulesoft.org/schema/mule/core http://www.mulesoft.org/schema/mule/core/current/mule.xsd
http://www.mulesoft.org/schema/mule/mcp http://www.mulesoft.org/schema/mule/mcp/current/mule-mcp.xsd
http://www.mulesoft.org/schema/mule/http http://www.mulesoft.org/schema/mule/http/current/mule-http.xsd
http://www.mulesoft.org/schema/mule/ee/core http://www.mulesoft.org/schema/mule/ee/core/current/mule-ee.xsd">
	<http:listener-config name="HTTP_Listener_config" doc:name="HTTP Listener config" doc:id="db6d6be6-53cc-4a96-a2bf-adad16c66fe2" >
		<http:listener-connection host="0.0.0.0" port="8081" />
	</http:listener-config>
	<mcp:server-config name="MCP_Server" doc:name="MCP Server" doc:id="a380ec60-ff9c-426f-8916-ab8ab6a4e80a" serverName="mule-mcp-server" serverVersion="1.0.0" >
		<mcp:sse-server-connection listenerConfig="HTTP_Listener_config" />
	</mcp:server-config>
	<flow name="mcp-account-create-flow" doc:id="8846f94e-2300-4718-8a82-f00659b93c01" >
		<mcp:tool-listener doc:name="MCP Server - Tool Listener" doc:id="e86058c2-1169-4cf3-8116-6f12da094e9b" config-ref="MCP_Server" name="mcp-account-create-flow">
			<mcp:description ><![CDATA["properties": {
  "name": {
    "type": "string",
    "description": " name of the Account."
  },
  
  "phone": {
    "type": "string",
    "description": "Account phone number."
  }
"required": ["name"]]]></mcp:description>
			<mcp:parameters-schema ><![CDATA[{
  "$schema": "http://json-schema.org/draft-07/schema#",
  "type": "object",
  "properties": {
    "name": {
      "type": "string",
      "description": "Name of the Contact."
    },
    "phone": {
      "type": "string",
      "description": "Contact phone number."
    }
  },
  "required": ["name"]
}
]]></mcp:parameters-schema>
			<mcp:responses >
				<mcp:text-tool-response-content text="#[payload.^raw]" />
			</mcp:responses>
		</mcp:tool-listener>
		<logger level="INFO" doc:name="Logger" doc:id="c4dda96e-5719-4d0a-afb9-2415b7f7d7ce" message='#["MCP flow stared"]'/>
		<http:request method="GET" doc:name="Request" doc:id="126c3768-98aa-4792-9aa7-fff2f3d188a1" url="https://sf-account-sys-api-0a8umg.5sc6y6-3.usa-e2.cloudhub.io/api/create"/>
		<ee:transform doc:name="Transform Message" doc:id="23725a42-3f96-4554-93d5-044d0d2f34a9" >
			<ee:message >
				<ee:set-payload ><![CDATA[%dw 2.0
output text/plan
---
payload]]></ee:set-payload>
			</ee:message>
		</ee:transform>
		<logger level="INFO" doc:name="Logger" doc:id="bb10d671-d0c6-42f5-9de1-9506e187f03e" message="#[payload]"/>
	</flow>
</mule>
